﻿<?xml version="1.0" encoding="UTF-8" standalone="yes"?>
<addon id="plugin.video.MadDog-Iptv" name="MadDog" version="3.2.10" provider-name="CHS Coding">
    <requires>
		<import addon="xbmc.python" version="2.14.0"/>
	</requires>
	<extension point="xbmc.python.pluginsource" library="addon.py">
		<provides>video</provides>
	</extension>
	<extension point="xbmc.service" library="server.py" start="startup" />
	<extension point="xbmc.addon.metadata">
		<platform>all</platform>
		<summary lang="en">MadDog Iptv</summary>
		<description lang="en">Welcome to MadDog Iptv free for now</description>
		<license>GNU General Public License, v2</license>
		<language></language>
			</extension>
</addon>
